{
  "schemaVersion": 1,
  "id": "fancymenu-world-panels",
  "version": "${version}",
  "name": "FancyMenu World Panels",
  "description": "Dynamic world card elements and enhanced JSON exports for FancyMenu",
  "authors": [
    "YourName"
  ],
  "contact": {
    "homepage": "",
    "sources": ""
  },
  "license": "MIT",
  "icon": "",
  "environment": "client",
  "entrypoints": {
    "client": [
      "com.fancymenu.worldpanels.FancyMenuWorldPanelsClient"
    ]
  },
  "mixins": [],
  "depends": {
    "fabricloader": ">=0.16.0",
    "minecraft": "~1.21.4",
    "java": ">=21",
    "fabric-api": "*"
  },
  "suggests": {
    "fancymenu": ">=3.6.0"
  }
}